{
  "num_samples": 945,
  "ssim": {
    "DAPI": {
      "mean": 0.4703092738730085,
      "std": 0.24389861681027858
    },
    "panCK": {
      "mean": 0.8381476683773338,
      "std": 0.11171704232821746
    },
    "CD3": {
      "mean": 0.4411125461368398,
      "std": 0.14994324095472739
    },
    "Average": {
      "mean": 0.5800931275309895,
      "std": 0.11782521734781574
    }
  },
  "pearson": {
    "DAPI": {
      "mean": 0.020996824465577744,
      "std": 0.12113518530816733
    },
    "panCK": {
      "mean": 0.005182230664176813,
      "std": 0.08139112477775066
    },
    "CD3": {
      "mean": -0.0015866439605901402,
      "std": 0.06818158945132131
    },
    "Average": {
      "mean": 0.008197470389721472,
      "std": 0.055142836299318716
    }
  },
  "psnr": {
    "DAPI": {
      "mean": 16.46312985758809,
      "std": 4.738045497784964
    },
    "panCK": {
      "mean": 21.86804287233432,
      "std": 4.617025556251284
    },
    "CD3": {
      "mean": 15.842311789335849,
      "std": 2.578634086198264
    },
    "Average": {
      "mean": 17.962415803339287,
      "std": 2.713388804437141
    }
  }
}