{
  "num_samples": 945,
  "ssim": {
    "DAPI": {
      "mean": 0.40502455115296326,
      "std": 0.18439970905867095
    },
    "panCK": {
      "mean": 0.35559832239537936,
      "std": 0.2602008017215919
    },
    "CD3": {
      "mean": 0.6774355887366479,
      "std": 0.07068497860461793
    },
    "Average": {
      "mean": 0.47633879820138103,
      "std": 0.13507766554966752
    }
  },
  "pearson": {
    "DAPI": {
      "mean": 0.5630226315627836,
      "std": 0.24128018424081565
    },
    "panCK": {
      "mean": 0.22617945025342448,
      "std": 0.11402956031682547
    },
    "CD3": {
      "mean": 0.9341479312959802,
      "std": 0.04317594706521163
    },
    "Average": {
      "mean": 0.5744500043707295,
      "std": 0.08094241365600643
    }
  },
  "psnr": {
    "DAPI": {
      "mean": 14.761866400645426,
      "std": 4.050292236277385
    },
    "panCK": {
      "mean": 16.301545132837365,
      "std": 4.273497163617775
    },
    "CD3": {
      "mean": 19.83285019546165,
      "std": 4.250694527981021
    },
    "Average": {
      "mean": 16.8620770869028,
      "std": 2.7512597581299727
    }
  }
}