{
  "train": {
    "DAPI": {
      "mean_mean": 12.310268898010253,
      "mean_std": 8.281912998010808,
      "global_mean": 12.310268898010253,
      "global_std": 15.365872180429287
    },
    "panCK": {
      "mean_mean": 1.8619352340698243,
      "mean_std": 1.9473974905574427,
      "global_mean": 1.8619352340698243,
      "global_std": 9.33296121776104
    },
    "CD3": {
      "mean_mean": 7.866954202651978,
      "mean_std": 1.1832260646922035,
      "global_mean": 7.866954202651978,
      "global_std": 10.088698790073394
    }
  },
  "val": {
    "DAPI": {
      "mean_mean": 7.343331546783447,
      "mean_std": 6.709403094225095,
      "global_mean": 7.343331546783447,
      "global_std": 7.492259528040886
    },
    "panCK": {
      "mean_mean": 5.91600172996521,
      "mean_std": 4.26228787570246,
      "global_mean": 5.91600172996521,
      "global_std": 16.34269058227539
    },
    "CD3": {
      "mean_mean": 12.519042625427247,
      "mean_std": 3.60376078627058,
      "global_mean": 12.519042625427247,
      "global_std": 10.409561369419098
    }
  },
  "test": {
    "DAPI": {
      "mean_mean": 12.089980907440186,
      "mean_std": 5.608961507831653,
      "global_mean": 12.089980907440186,
      "global_std": 17.850678315162657
    },
    "panCK": {
      "mean_mean": 4.030270547866821,
      "mean_std": 2.449926543833049,
      "global_mean": 4.030270547866821,
      "global_std": 15.901027880907058
    },
    "CD3": {
      "mean_mean": 14.076404314041138,
      "mean_std": 3.251882799169213,
      "global_mean": 14.076404314041138,
      "global_std": 13.440033645629883
    }
  }
}